"Authors","Author full names","Author(s) ID","Title","Year","Source title","Volume","Issue","Art. No.","Page start","Page end","Cited by","DOI","Link","Document Type","Publication Stage","Open Access","Source","EID"
"Emődi M.; Kovács J.; Lovas R.","Emődi, Márk (57203747115); Kovács, József (12795015200); Lovas, Róbert (22433533300)","57203747115; 12795015200; 22433533300","Mesh-Aware Debugging: Identifying Resource Allocation Issues in Distributed Microservices","2025","Acta Polytechnica Hungarica","22","12","","9","25","0","10.12700/APH.22.12.2025.12.2","https://www.scopus.com/inward/record.uri?eid=2-s2.0-105018936506&doi=10.12700%2FAPH.22.12.2025.12.2&partnerID=40&md5=c6ab54efb3d0b35a9c06203aa4c3ba0c","Article","Final","All Open Access; Gold Open Access","Scopus","2-s2.0-105018936506"
"Zhang Y.; Wang L.; Cao C.; Tang X.","Zhang, Yan (58111959200); Wang, Liwen (58136331100); Cao, Chang (60160851400); Tang, Xiongyan (59899300800)","58111959200; 58136331100; 60160851400; 59899300800","Research on computing power network technology for stateless computing services; [面向无状态计算服务的算力网络技术研究]","2025","Tongxin Xuebao/Journal on Communications","46","9","","47","64","0","10.11959/j.issn.1000-436x.2025160","https://www.scopus.com/inward/record.uri?eid=2-s2.0-105020063055&doi=10.11959%2Fj.issn.1000-436x.2025160&partnerID=40&md5=5056dd5f0e101ee7dce497d51dde3a85","Article","Final","","Scopus","2-s2.0-105020063055"
"Wang N.; Wang L.; Li X.; Qin X.","Wang, Ning (57222154104); Wang, Lin (58456973300); Li, Xin (55879907300); Qin, Xiaolin (8414129600)","57222154104; 58456973300; 55879907300; 8414129600","Fine-Grained Management for Microservice Applications with Lazy Configuration Distribution","2023","Electronics (Switzerland)","12","16","3404","","","1","10.3390/electronics12163404","https://www.scopus.com/inward/record.uri?eid=2-s2.0-85168959501&doi=10.3390%2Felectronics12163404&partnerID=40&md5=a9cef7188b4343b39d9e6da6729c31c4","Article","Final","All Open Access; Gold Open Access; Green Open Access","Scopus","2-s2.0-85168959501"
"Aldas S.; Babakian A.","Aldas, Saidulu (58725149000); Babakian, Andrew (57933742000)","58725149000; 57933742000","Cloud-Native Service Mesh Readiness for 5G and Beyond","2023","IEEE Access","11","","","132286","132295","14","10.1109/ACCESS.2023.3335994","https://www.scopus.com/inward/record.uri?eid=2-s2.0-85178025709&doi=10.1109%2FACCESS.2023.3335994&partnerID=40&md5=7a7d6d8c1c34cc7cd49f1d51d20b0c00","Article","Final","All Open Access; Gold Open Access; Green Open Access","Scopus","2-s2.0-85178025709"
"Sappa A.","Sappa, Ankita (59981848000)","59981848000","Context-Aware Security Policies for Data-Driven Applications in Cloud-Native Architectures","2025","Journal of Internet Services and Information Security","15","2","","43","64","0","10.58346/JISIS.2025.I2.004","https://www.scopus.com/inward/record.uri?eid=2-s2.0-105012462690&doi=10.58346%2FJISIS.2025.I2.004&partnerID=40&md5=ef0d705b8a7cf174e1ef25259ecb0a87","Article","Final","All Open Access; Gold Open Access","Scopus","2-s2.0-105012462690"
"Nagy M.; Levai T.; Nemeth F.; Panda A.; Antichi G.; Retvari G.","Nagy, Mate (54917272100); Levai, Tamas (60067734500); Nemeth, Felician (7004639645); Panda, Aurojit (55336403500); Antichi, Gianni (25924766600); Retvari, Gabor (6505795293)","54917272100; 60067734500; 7004639645; 55336403500; 25924766600; 6505795293","Elastic Scaling of Real-Time Communication Services","2026","IEEE Transactions on Network and Service Management","23","","","3393","3405","0","10.1109/TNSM.2026.3674598","https://www.scopus.com/inward/record.uri?eid=2-s2.0-105033461413&doi=10.1109%2FTNSM.2026.3674598&partnerID=40&md5=2a47ada0c86b472c6d55851ff1727b3d","Article","Final","","Scopus","2-s2.0-105033461413"
"Wang Z.; Zhu J.; Guo J.; Liu Y.","Wang, Zhaoyang (59837740700); Zhu, Jinqi (55568134800); Guo, Jia (55795370700); Liu, Yang (57859669000)","59837740700; 55568134800; 55795370700; 57859669000","Microservice Deployment Based on Multiple Controllers for User Response Time Reduction in Edge-Native Computing","2025","Sensors","25","10","3248","","","1","10.3390/s25103248","https://www.scopus.com/inward/record.uri?eid=2-s2.0-105006763095&doi=10.3390%2Fs25103248&partnerID=40&md5=30ccb6cf649c08e121cb5c53f70e5157","Article","Final","All Open Access; Gold Open Access; Green Open Access","Scopus","2-s2.0-105006763095"
"Fondo-Ferreiro P.; Gil-Castineira F.; Gonzalez-Castano F.J.; Candal-Ventureira D.","Fondo-Ferreiro, Pablo (57202612656); Gil-Castineira, Felipe (8988943300); Gonzalez-Castano, Francisco Javier (6603703432); Candal-Ventureira, David (57205363400)","57202612656; 8988943300; 6603703432; 57205363400","A Software-Defined Networking Solution for Interconnecting Network Functions in Service-Based Architectures","2022","IEEE Access","10","","","19905","19916","6","10.1109/ACCESS.2022.3152197","https://www.scopus.com/inward/record.uri?eid=2-s2.0-85124830662&doi=10.1109%2FACCESS.2022.3152197&partnerID=40&md5=331f068f6bf883fb59481eadae44abd3","Article","Final","All Open Access; Gold Open Access; Green Open Access","Scopus","2-s2.0-85124830662"
"Schneider S.; Khalili R.; Manzoor A.; Qarawlus H.; Schellenberg R.; Karl H.; Hecker A.","Schneider, Stefan (57193331091); Khalili, Ramin (9843046500); Manzoor, Adnan (57221265887); Qarawlus, Haydar (57221257906); Schellenberg, Rafael (57221267980); Karl, Holger (55950066600); Hecker, Artur (36466454900)","57193331091; 9843046500; 57221265887; 57221257906; 57221267980; 55950066600; 36466454900","Self-Learning Multi-Objective Service Coordination Using Deep Reinforcement Learning","2021","IEEE Transactions on Network and Service Management","18","3","9419067","3829","3842","38","10.1109/TNSM.2021.3076503","https://www.scopus.com/inward/record.uri?eid=2-s2.0-85105077595&doi=10.1109%2FTNSM.2021.3076503&partnerID=40&md5=bd01c3db9109dd42aba1b73d22b76c88","Article","Final","","Scopus","2-s2.0-85105077595"
"Cañete A.; Amor M.; Fuentes L.","Cañete, Angel (57210886346); Amor, Mercedes (7004952527); Fuentes, Lidia (7006580503)","57210886346; 7004952527; 7006580503","HADES: An NFV solution for energy-efficient placement and resource allocation in heterogeneous infrastructures","2024","Journal of Network and Computer Applications","221","","103764","","","17","10.1016/j.jnca.2023.103764","https://www.scopus.com/inward/record.uri?eid=2-s2.0-85174903531&doi=10.1016%2Fj.jnca.2023.103764&partnerID=40&md5=0f991ef1834d1f6b6564afc282e56936","Article","Final","","Scopus","2-s2.0-85174903531"
"Osmani L.; Kauppinen T.; Komu M.; Tarkoma S.","Osmani, Lirim (56241211700); Kauppinen, Tero (56266408500); Komu, Miika (23008660900); Tarkoma, Sasu (10141380000)","56241211700; 56266408500; 23008660900; 10141380000","Multi-Cloud Connectivity for Kubernetes in 5G Networks","2021","IEEE Communications Magazine","59","10","","42","47","34","10.1109/MCOM.110.2100124","https://www.scopus.com/inward/record.uri?eid=2-s2.0-85120522419&doi=10.1109%2FMCOM.110.2100124&partnerID=40&md5=cb94d77ffe1e4c404d0f70c10e31112b","Article","Final","","Scopus","2-s2.0-85120522419"
"Carrión C.","Carrión, Carmen (56208197700)","56208197700","Kubernetes as a Standard Container Orchestrator - A Bibliometric Analysis","2022","Journal of Grid Computing","20","4","42","","","13","10.1007/s10723-022-09629-8","https://www.scopus.com/inward/record.uri?eid=2-s2.0-85143380522&doi=10.1007%2Fs10723-022-09629-8&partnerID=40&md5=35f691ef316f34b894db63fe49a319c5","Article","Final","","Scopus","2-s2.0-85143380522"
"Wang Y.-X.; Tao W.-J.; Zhao S.-P.; Zhang Y.-P.","Wang, Yi-Xiao (58636230900); Tao, Wen-Jian (58161060900); Zhao, Shao-Peng (58636042100); Zhang, Yan-Ping (58636104100)","58636230900; 58161060900; 58636042100; 58636104100","Enhancing Load Balancing in Computer-Aided Medical Systems Using Deep Reinforcement Learning","2024","Computer-Aided Design and Applications","21","S9","","265","276","0","10.14733/cadaps.2024.S9.265-276","https://www.scopus.com/inward/record.uri?eid=2-s2.0-85173561138&doi=10.14733%2Fcadaps.2024.S9.265-276&partnerID=40&md5=5b238a743096ca4bfeeb9a1b05160848","Article","Final","All Open Access; Gold Open Access","Scopus","2-s2.0-85173561138"
"Malhotra A.; Elsayed A.; Torres R.; Venkatraman S.","Malhotra, Antra (58534298700); Elsayed, Amr (58534482600); Torres, Randolph (58535018700); Venkatraman, Srinivas (58535204700)","58534298700; 58534482600; 58535018700; 58535204700","Evaluate Canary Deployment Techniques Using Kubernetes, Istio, and Liquibase for Cloud Native Enterprise Applications to Achieve Zero Downtime for Continuous Deployments","2024","IEEE Access","12","","","87883","87899","5","10.1109/ACCESS.2024.3416087","https://www.scopus.com/inward/record.uri?eid=2-s2.0-85196540561&doi=10.1109%2FACCESS.2024.3416087&partnerID=40&md5=44e8f65e7a5e7970728b89163293ee3f","Article","Final","All Open Access; Gold Open Access; Green Open Access","Scopus","2-s2.0-85196540561"
"Trakadas P.; Karkazis P.; Leligou H.C.; Zahariadis T.; Vicens F.; Zurita A.; Alemany P.; Soenen T.; Parada C.; Bonnet J.; Fotopoulou E.; Zafeiropoulos A.; Kapassa E.; Touloupou M.; Kyriazis D.","Trakadas, Panagiotis (6603036390); Karkazis, Panagiotis (35195881400); Leligou, Helen C. (6602311122); Zahariadis, Theodore (55410698800); Vicens, Felipe (57195630348); Zurita, Arturo (57210864479); Alemany, Pol (57204420241); Soenen, Thomas (57194413052); Parada, Carlos (55978747800); Bonnet, Jose (57188802801); Fotopoulou, Eleni (8727584800); Zafeiropoulos, Anastasios (24333644200); Kapassa, Evgenia (57201027060); Touloupou, Marios (57202604831); Kyriazis, Dimosthenis (16301182100)","6603036390; 35195881400; 6602311122; 55410698800; 57195630348; 57210864479; 57204420241; 57194413052; 55978747800; 57188802801; 8727584800; 24333644200; 57201027060; 57202604831; 16301182100","Comparison of management and orchestration solutions for the 5G era","2020","Journal of Sensor and Actuator Networks","9","1","4","","","51","10.3390/jsan9010004","https://www.scopus.com/inward/record.uri?eid=2-s2.0-85080102959&doi=10.3390%2Fjsan9010004&partnerID=40&md5=f1f4d81cc3ccc0a01f9a82e852cc0908","Article","Final","All Open Access; Gold Open Access; Green Open Access","Scopus","2-s2.0-85080102959"
"Unyi D.; Rigó E.; Gyires-Tóth B.; Lovas R.","Unyi, Dániel (57239188500); Rigó, Ernő (57343975400); Gyires-Tóth, Bálint (57202306607); Lovas, Róbert (22433533300)","57239188500; 57343975400; 57202306607; 22433533300","Explainable GNN-Based Approach to Fault Forecasting in Cloud Service Debugging","2025","IEEE Transactions on Network and Service Management","22","6","","5640","5657","0","10.1109/TNSM.2025.3602223","https://www.scopus.com/inward/record.uri?eid=2-s2.0-105014390422&doi=10.1109%2FTNSM.2025.3602223&partnerID=40&md5=acdab6451e68f1c112050fd2de94947b","Article","Final","All Open Access; Hybrid Gold Open Access","Scopus","2-s2.0-105014390422"
"Yang W.; Chen P.; Yu G.; Zhang H.; Zhang H.","Yang, Wanqi (58842867500); Chen, Pengfei (55490244700); Yu, Guangba (57211137948); Zhang, Haibin (58765780700); Zhang, Huxing (58739292600)","58842867500; 55490244700; 57211137948; 58765780700; 58739292600","Network shortcut in data plane of service mesh with eBPF","2024","Journal of Network and Computer Applications","222","","103805","","","11","10.1016/j.jnca.2023.103805","https://www.scopus.com/inward/record.uri?eid=2-s2.0-85179840767&doi=10.1016%2Fj.jnca.2023.103805&partnerID=40&md5=76d330541f9284df252f998070a0a451","Article","Final","","Scopus","2-s2.0-85179840767"
"Barron-Lugo J.A.; Gonzalez-Compean J.L.; Lopez-Arevalo I.; Carretero J.; Martinez-Rodriguez J.L.","Barron-Lugo, J. Armando (58157875100); Gonzalez-Compean, J.L. (57213190221); Lopez-Arevalo, Ivan (56000858100); Carretero, Jesus (7101919482); Martinez-Rodriguez, Jose L. (55642245600)","58157875100; 57213190221; 56000858100; 7101919482; 55642245600","Xel: A cloud-agnostic data platform for the design-driven building of high-availability data science services","2023","Future Generation Computer Systems","145","","","87","103","14","10.1016/j.future.2023.03.019","https://www.scopus.com/inward/record.uri?eid=2-s2.0-85150868088&doi=10.1016%2Fj.future.2023.03.019&partnerID=40&md5=321b8350ac84df93c2008ffc00667df9","Article","Final","","Scopus","2-s2.0-85150868088"
"Yoon G.; Shin J.; Kim J.-S.; Kim S.; Jeong J.; Choi Y.-H.","Yoon, Geonwoo (59916023400); Shin, Jinmyeong (57203464861); Kim, Jae-Seok (57945003100); Kim, Seunghyuk (60221701900); Jeong, Jaeyoung (60221817300); Choi, Yoon-Ho (56532761600)","59916023400; 57203464861; 57945003100; 60221701900; 60221817300; 56532761600","Container-Specific Service Mesh-Based System for Mitigating Lateral Movement Attacks","2026","IEEE Transactions on Cloud Computing","14","1","","92","109","0","10.1109/TCC.2026.3657486","https://www.scopus.com/inward/record.uri?eid=2-s2.0-105028588840&doi=10.1109%2FTCC.2026.3657486&partnerID=40&md5=42fc85d19b1ffd86312fd7e3712e8cfa","Article","Final","","Scopus","2-s2.0-105028588840"
"Ali A.H.","Ali, Ahmed H. (57216792361)","57216792361","Micro Services-Based Integral Architecture for Digital Transformation: a Scalable and Modular Approach","2024","International Journal on Engineering Applications","12","4","","244","250","1","10.15866/irea.v12i4.23640","https://www.scopus.com/inward/record.uri?eid=2-s2.0-85210507362&doi=10.15866%2Firea.v12i4.23640&partnerID=40&md5=1b7b5360af13293869fbc91205e86355","Article","Final","","Scopus","2-s2.0-85210507362"
"Han C.; Kim T.; Lee W.; Shin Y.","Han, Changhee (57208339505); Kim, Taehun (57214122537); Lee, Woomin (58818025400); Shin, Youngjoo (24072188200)","57208339505; 57214122537; 58818025400; 24072188200","S-ZAC: Hardening Access Control of Service Mesh Using Intel SGX for Zero Trust in Cloud","2024","Electronics (Switzerland)","13","16","3213","","","3","10.3390/electronics13163213","https://www.scopus.com/inward/record.uri?eid=2-s2.0-85202650778&doi=10.3390%2Felectronics13163213&partnerID=40&md5=9e514c9d05194d5b979accd18a4f46c3","Article","Final","All Open Access; Gold Open Access","Scopus","2-s2.0-85202650778"
"Okindo G.; Kamucha G.; Oyie N.","Okindo, Geoffrey (59303304200); Kamucha, George (56097309200); Oyie, Nicholas (57200570185)","59303304200; 56097309200; 57200570185","Dynamic Optimization in 5G Network Slices: A Comparative Study of Whale Optimization, Particle Swarm Optimization, and Genetic Algorithm","2024","International Journal of Electrical and Electronics Research","12","3","","849","862","2","10.37391/ijeer.120316","https://www.scopus.com/inward/record.uri?eid=2-s2.0-85202468126&doi=10.37391%2Fijeer.120316&partnerID=40&md5=4913775e70e1d0d9b6aa178c0c5586fd","Article","Final","All Open Access; Hybrid Gold Open Access","Scopus","2-s2.0-85202468126"
"Hashem Eiza M.; Akwirry B.; Raschella A.; Mackay M.; Maheshwari M.K.","Hashem Eiza, Max (59492795300); Akwirry, Brian (57958532900); Raschella, Alessandro (35079383400); Mackay, Michael (14037715300); Maheshwari, Mukesh Kumar (57191446044)","59492795300; 57958532900; 35079383400; 14037715300; 57191446044","A Hybrid Zero Trust Deployment Model for Securing O-RAN Architecture in 6G Networks","2025","Future Internet","17","8","372","","","0","10.3390/fi17080372","https://www.scopus.com/inward/record.uri?eid=2-s2.0-105014416458&doi=10.3390%2Ffi17080372&partnerID=40&md5=0253e8875a4de78f8a84e83357505587","Article","Final","All Open Access; Gold Open Access; Green Open Access","Scopus","2-s2.0-105014416458"
"Onoe H.; Kotani D.; Okabe Y.","Onoe, Hiroya (58759096000); Kotani, Daisuke (53363713900); Okabe, Yasuo (7102070059)","58759096000; 53363713900; 7102070059","PiCoP: Service Mesh for Sharing Microservices in Multiple Environments Using Protocol-Independent Context Propagation","2025","IEEE Transactions on Cloud Computing","13","1","","383","396","0","10.1109/TCC.2025.3531954","https://www.scopus.com/inward/record.uri?eid=2-s2.0-86000436657&doi=10.1109%2FTCC.2025.3531954&partnerID=40&md5=183a79d3f16dc72c19fd8c3158fbe7d3","Article","Final","","Scopus","2-s2.0-86000436657"
"Montebugnoli S.; Sabbioni A.; Foschini L.; Corradi A.","Montebugnoli, Sofia (58614357200); Sabbioni, Andrea (57196191696); Foschini, Luca (7004212533); Corradi, Antonio (57200217801)","58614357200; 57196191696; 7004212533; 57200217801","Service Mesh: The Rise of Event-Driven Asynchronous Mesh in Cloud Continuum","2026","IT Professional","28","1","","51","58","0","10.1109/MITP.2025.3605101","https://www.scopus.com/inward/record.uri?eid=2-s2.0-105030655481&doi=10.1109%2FMITP.2025.3605101&partnerID=40&md5=fac7295669b4e2dee9a42f20736b638a","Article","Final","","Scopus","2-s2.0-105030655481"
"Nicolas-Plata A.; Gonzalez-Compean J.L.; Sosa-Sosa V.J.","Nicolas-Plata, Antonio (58951869800); Gonzalez-Compean, Jose Luis (57213190221); Sosa-Sosa, Victor Jesus (6506881337)","58951869800; 57213190221; 6506881337","A service mesh approach to integrate processing patterns into microservices applications","2024","Cluster Computing","27","6","","7417","7438","4","10.1007/s10586-024-04342-5","https://www.scopus.com/inward/record.uri?eid=2-s2.0-85188425529&doi=10.1007%2Fs10586-024-04342-5&partnerID=40&md5=d33a6880b2a216972c17c144de849c08","Article","Final","All Open Access; Hybrid Gold Open Access","Scopus","2-s2.0-85188425529"
"Bilbao-Jayo A.; Cantero X.; Almeida A.; Fasano L.; Montanaro T.; Sergi I.; Patrono L.","Bilbao-Jayo, Aritz (57204671327); Cantero, Xabier (36661955100); Almeida, Aitor (13006716300); Fasano, Luca (59020985100); Montanaro, Teodoro (56285236200); Sergi, Ilaria (55512097200); Patrono, Luigi (6507173572)","57204671327; 36661955100; 13006716300; 59020985100; 56285236200; 55512097200; 6507173572","Location Based Indoor and Outdoor Lightweight Activity Recognition System","2022","Electronics (Switzerland)","11","3","360","","","9","10.3390/electronics11030360","https://www.scopus.com/inward/record.uri?eid=2-s2.0-85123363253&doi=10.3390%2Felectronics11030360&partnerID=40&md5=b1f2e0890d7dbaec4ae4d39fabb93573","Article","Final","All Open Access; Gold Open Access; Green Open Access","Scopus","2-s2.0-85123363253"
"Kim B.; Kim J.; Lee S.","Kim, Bom (59396808700); Kim, Jinwoo (55862677800); Lee, Seungsoo (56659533400)","59396808700; 55862677800; 56659533400","Exploring Security Enhancements in Kubernetes CNI: A Deep Dive Into Network Policies","2025","IEEE Access","13","","","35322","35338","5","10.1109/ACCESS.2025.3543841","https://www.scopus.com/inward/record.uri?eid=2-s2.0-85218781501&doi=10.1109%2FACCESS.2025.3543841&partnerID=40&md5=aa7c5846966750090a5731b4ab28829b","Article","Final","All Open Access; Gold Open Access; Green Open Access","Scopus","2-s2.0-85218781501"
"Zeng Q.; Kavousi M.; Luo Y.; Jin L.; Chen Y.","Zeng, Qingyang (58149180200); Kavousi, Mohammad (57355277400); Luo, Yinhong (58148600400); Jin, Ling (57204568234); Chen, Yan (35228782000)","58149180200; 57355277400; 58148600400; 57204568234; 35228782000","Full-stack vulnerability analysis of the cloud-native platform","2023","Computers and Security","129","","103173","","","22","10.1016/j.cose.2023.103173","https://www.scopus.com/inward/record.uri?eid=2-s2.0-85150434506&doi=10.1016%2Fj.cose.2023.103173&partnerID=40&md5=1d89bdc91eced325b736a244604720be","Article","Final","","Scopus","2-s2.0-85150434506"
"Ahmed R.; Ren S.; Kim E.; Lee C.","Ahmed, Rizwan (60512331700); Ren, Shuyang (57221663747); Kim, Eunsam (9275991800); Lee, Choonhwa (7410152898)","60512331700; 57221663747; 9275991800; 7410152898","Efficient service mesh traffic management for cloud-native applications","2026","PLOS ONE","21","3 March","e0344516","","","0","10.1371/journal.pone.0344516","https://www.scopus.com/inward/record.uri?eid=2-s2.0-105033050505&doi=10.1371%2Fjournal.pone.0344516&partnerID=40&md5=084f4f79aaa06b75704c11839eecfd3a","Article","Final","All Open Access; Gold Open Access; Green Open Access","Scopus","2-s2.0-105033050505"
"Alboqmi R.; Gamble R.F.","Alboqmi, Rami (57987647500); Gamble, Rose F. (56267147700)","57987647500; 56267147700","Enhancing Microservice Security Through Vulnerability-Driven Trust in the Service Mesh Architecture","2025","Sensors","25","3","914","","","4","10.3390/s25030914","https://www.scopus.com/inward/record.uri?eid=2-s2.0-85218257743&doi=10.3390%2Fs25030914&partnerID=40&md5=ee48db6cba91fd0988bbfe33615c9134","Article","Final","All Open Access; Gold Open Access; Green Open Access","Scopus","2-s2.0-85218257743"
"Baruffa G.; Detti A.; Rugini L.; Crocetti F.; Banelli P.; Costante G.; Valigi P.","Baruffa, Giuseppe (7003522993); Detti, Andrea (6602789368); Rugini, Luca (6602935941); Crocetti, Francesco (56528505800); Banelli, Paolo (6603361936); Costante, Gabriele (55555456700); Valigi, Paolo (6701830783)","7003522993; 6602789368; 6602935941; 56528505800; 6603361936; 55555456700; 6701830783","AI-Driven Ground Robots: Mobile Edge Computing and mmWave Communications at Work","2024","IEEE Open Journal of the Communications Society","5","","","1","16","6","10.1109/OJCOMS.2024.3399015","https://www.scopus.com/inward/record.uri?eid=2-s2.0-85192774987&doi=10.1109%2FOJCOMS.2024.3399015&partnerID=40&md5=d495c9c34ece865347ed43b6ab36c668","Article","Final","All Open Access; Gold Open Access; Green Open Access","Scopus","2-s2.0-85192774987"
"Kang H.; Shin S.","Kang, Haney (57224010623); Shin, Seungwon (56185462100)","57224010623; 56185462100","Verikube: Automatic and Efficient Verification for Container Network Policies","2022","IEICE Transactions on Information and Systems","E105D","12","","2131","2134","4","10.1587/transinf.2022EDL8046","https://www.scopus.com/inward/record.uri?eid=2-s2.0-85144534333&doi=10.1587%2Ftransinf.2022EDL8046&partnerID=40&md5=264312461ea9f24f3ad698e065543612","Article","Final","All Open Access; Gold Open Access","Scopus","2-s2.0-85144534333"
"Jain V.; Singh B.; Choudhary N.; Yadav P.K.","Jain, Vipin (57189248372); Singh, Baldev (57209538220); Choudhary, Nilam (57192108737); Yadav, Praveen Kumar (59849496100)","57189248372; 57209538220; 57192108737; 59849496100","A Hybrid Model for Real-Time Docker Container Threat Detection and Vulnerability Analysis","2023","International Journal of Intelligent Systems and Applications in Engineering","11","6s","","782","793","2","","https://www.scopus.com/inward/record.uri?eid=2-s2.0-85168624348&partnerID=40&md5=3635a84766947d3949ec40b8bd939177","Article","Final","","Scopus","2-s2.0-85168624348"
"Ataei P.","Ataei, Pouya (57486194000)","57486194000","Cybermycelium: a reference architecture for domain-driven distributed big data systems","2024","Frontiers in Big Data","7","","1448481","","","2","10.3389/fdata.2024.1448481","https://www.scopus.com/inward/record.uri?eid=2-s2.0-85209353092&doi=10.3389%2Ffdata.2024.1448481&partnerID=40&md5=9afbd05b2af892eb61b5c3058a64da54","Article","Final","All Open Access; Gold Open Access; Green Open Access","Scopus","2-s2.0-85209353092"
"Liu L.; Deng J.; Tang Y.","Liu, Liang (58290605700); Deng, Jiqiu (7402612854); Tang, Yu (59784938100)","58290605700; 7402612854; 59784938100","A Dynamic Management and Integration Framework for Models in Landslide Early Warning System","2023","ISPRS International Journal of Geo-Information","12","5","198","","","3","10.3390/ijgi12050198","https://www.scopus.com/inward/record.uri?eid=2-s2.0-85160282025&doi=10.3390%2Fijgi12050198&partnerID=40&md5=e7bef12ddec27125cc233fdec630493a","Article","Final","All Open Access; Gold Open Access; Green Open Access","Scopus","2-s2.0-85160282025"
"Pallewatta S.; Kostakos V.; Buyya R.","Pallewatta, Samodha (57202956438); Kostakos, Vassilis (6508135447); Buyya, Rajkumar (57194845546)","57202956438; 6508135447; 57194845546","MicroFog: A framework for scalable placement of microservices-based IoT applications in federated Fog environments","2024","Journal of Systems and Software","209","","111910","","","19","10.1016/j.jss.2023.111910","https://www.scopus.com/inward/record.uri?eid=2-s2.0-85179470424&doi=10.1016%2Fj.jss.2023.111910&partnerID=40&md5=696f223bf1b69095e0f5d63aed9313cd","Article","Final","All Open Access; Hybrid Gold Open Access","Scopus","2-s2.0-85179470424"
"Detti A.; Funari L.; Petrucci L.","Detti, Andrea (6602789368); Funari, Ludovico (57217679452); Petrucci, Luca (57194168218)","6602789368; 57217679452; 57194168218","μBench: An Open-Source Factory of Benchmark Microservice Applications","2023","IEEE Transactions on Parallel and Distributed Systems","34","3","","968","980","47","10.1109/TPDS.2023.3236447","https://www.scopus.com/inward/record.uri?eid=2-s2.0-85147297066&doi=10.1109%2FTPDS.2023.3236447&partnerID=40&md5=f5738e40560b62967ce41b5fccc0e78c","Article","Final","","Scopus","2-s2.0-85147297066"
"Sultan S.; Ahmad I.; Dimitriou T.","Sultan, Sari (56959956000); Ahmad, Imtiaz (24074061100); Dimitriou, Tassos (14021358400)","56959956000; 24074061100; 14021358400","Container security: Issues, challenges, and the road ahead","2019","IEEE Access","7","","8693491","52976","52996","264","10.1109/ACCESS.2019.2911732","https://www.scopus.com/inward/record.uri?eid=2-s2.0-85067090032&doi=10.1109%2FACCESS.2019.2911732&partnerID=40&md5=139a2a3d2341b5d77f0c7d247f994d61","Article","Final","All Open Access; Gold Open Access; Green Open Access","Scopus","2-s2.0-85067090032"
"Michelinakis F.; Pujol-Roig J.S.; Malacarne S.; Xie M.; Dreibholz T.; Majumdar S.; Poe W.Y.; Patounas G.; Guerrero C.; Elmokashfi A.; Theodorou V.","Michelinakis, Foivos (56444470200); Pujol-Roig, Joan S. (57215559606); Malacarne, Sara (57199720055); Xie, Min (56970345500); Dreibholz, Thomas (8977554300); Majumdar, Sayantini (57217211230); Poe, Wint Yi (35422814700); Patounas, Georgios (56503904800); Guerrero, Carmen (23388997100); Elmokashfi, Ahmed (23566601500); Theodorou, Vasileios (56347435100)","56444470200; 57215559606; 57199720055; 56970345500; 8977554300; 57217211230; 35422814700; 56503904800; 23388997100; 23566601500; 56347435100","AI Anomaly Detection for Cloudified Mobile Core Architectures","2023","IEEE Transactions on Network and Service Management","20","2","","1976","1992","2","10.1109/TNSM.2022.3203246","https://www.scopus.com/inward/record.uri?eid=2-s2.0-85137553182&doi=10.1109%2FTNSM.2022.3203246&partnerID=40&md5=793ca99daf4ff2da4d3cf492fdad107c","Article","Final","","Scopus","2-s2.0-85137553182"
"Peng K.; Hu Y.; Ding H.; Chen H.; Wang L.; Cai C.; Hu M.","Peng, Kai (49962095200); Hu, Yi (57669983700); Ding, Haonan (59529547400); Chen, Haoxuan (59529249700); Wang, Liangyuan (58602828200); Cai, Chao (57195591821); Hu, Menglan (55458917900)","49962095200; 57669983700; 59529547400; 59529249700; 58602828200; 57195591821; 55458917900","Large-Scale Service Mesh Orchestration With Probabilistic Routing in Cloud Data Centers","2025","IEEE Transactions on Services Computing","18","2","","868","882","9","10.1109/TSC.2025.3526373","https://www.scopus.com/inward/record.uri?eid=2-s2.0-105003038625&doi=10.1109%2FTSC.2025.3526373&partnerID=40&md5=c5b0b8a1ab8b53b7e77293d5b2d6ea92","Article","Final","","Scopus","2-s2.0-105003038625"
"Wang K.; Hu C.; Shan C.","Wang, Kewei (57644129500); Hu, Changzhen (7404569966); Shan, Chun (56102670900)","57644129500; 7404569966; 56102670900","Calculation of utility of network services based on state manifolds","2022","Computer Networks","217","","109258","","","0","10.1016/j.comnet.2022.109258","https://www.scopus.com/inward/record.uri?eid=2-s2.0-85137175467&doi=10.1016%2Fj.comnet.2022.109258&partnerID=40&md5=75c4c82244676c6eae567b1a81f85b3f","Article","Final","","Scopus","2-s2.0-85137175467"
"Buning A.T.D.C.; Vidal I.; Valera F.","Buning, Alex T. de Cock (60351321200); Vidal, Ivan (15125120200); Valera, Francisco (15124978700)","60351321200; 15125120200; 15124978700","Architecting Multi-Cluster Layer-2 Connectivity for Cloud-Native Network Slicing","2026","Future Internet","18","1","39","","","0","10.3390/fi18010039","https://www.scopus.com/inward/record.uri?eid=2-s2.0-105028561020&doi=10.3390%2Ffi18010039&partnerID=40&md5=a5859e25f83cae300631161b7238ad5a","Article","Final","All Open Access; Gold Open Access; Green Open Access","Scopus","2-s2.0-105028561020"
"Kondrashev V.A.; Denisov S.A.","Kondrashev, V.A. (57199644416); Denisov, S.A. (57208320100)","57199644416; 57208320100","System Interface of Scientific Services of a Digital Platform for Multiscale Modeling","2021","Russian Microelectronics","50","8","","638","643","1","10.1134/S1063739721080023","https://www.scopus.com/inward/record.uri?eid=2-s2.0-85123784372&doi=10.1134%2FS1063739721080023&partnerID=40&md5=63b828767ca1c2d76233f4901d7b508a","Article","Final","","Scopus","2-s2.0-85123784372"
"Le V.-C.; Yoo M.","Le, Van-Cuong (57193897942); Yoo, Myungsik (55984448800)","57193897942; 55984448800","An Automated Testing Framework for Container-Based Network Services","2021","Journal of Korean Institute of Communications and Information Sciences","46","9","","1497","1506","0","10.7840/kics.2021.46.9.1497","https://www.scopus.com/inward/record.uri?eid=2-s2.0-85189372157&doi=10.7840%2Fkics.2021.46.9.1497&partnerID=40&md5=33136494080ea6590200ad1d1dcfa39e","Article","Final","","Scopus","2-s2.0-85189372157"
"Peng K.; Liao T.; Ren M.; Hu Y.; Wu L.; Hu M.; Jiang H.","Peng, Kai (49962095200); Liao, Tongxin (57825727100); Ren, Mingyuan (58764823600); Hu, Yi (57669983700); Wu, Liangliang (60158729100); Hu, Menglan (59930795500); Jiang, Hongbo (55234704200)","49962095200; 57825727100; 58764823600; 57669983700; 60158729100; 59930795500; 55234704200","Symmetric Orchestration Under Service Mesh Paradigm: Empowering Massive Online Applications in Edge Clouds","2026","IEEE Transactions on Mobile Computing","25","3","","4300","4316","3","10.1109/TMC.2025.3624628","https://www.scopus.com/inward/record.uri?eid=2-s2.0-105019927140&doi=10.1109%2FTMC.2025.3624628&partnerID=40&md5=962432fc4dc016aac9286ca9f6a554de","Article","Final","","Scopus","2-s2.0-105019927140"
"Dermentzis I.; Koukis G.; Tsaoussidis V.","Dermentzis, Ioannis (60205816200); Koukis, Georgios (57808335900); Tsaoussidis, Vassilis (6701778481)","60205816200; 57808335900; 6701778481","Trade-Offs in Kubernetes Security and Energy Consumption","2026","Urban Science","10","2","81","","","0","10.3390/urbansci10020081","https://www.scopus.com/inward/record.uri?eid=2-s2.0-105031447188&doi=10.3390%2Furbansci10020081&partnerID=40&md5=d7f7f1d254bb4788ec8088bd3f09fe8f","Article","Final","All Open Access; Gold Open Access; Green Open Access","Scopus","2-s2.0-105031447188"
"Lai C.-M.; Chang T.-W.; Yang C.-T.","Lai, Chun-Ming (57158058600); Chang, Ting-Wei (58203520400); Yang, Chao-Tung (57192676751)","57158058600; 58203520400; 57192676751","An online and highly-scalable streaming platform for filtering trolls with transfer learning","2023","Journal of Supercomputing","79","15","","16664","16687","1","10.1007/s11227-023-05312-1","https://www.scopus.com/inward/record.uri?eid=2-s2.0-85153948925&doi=10.1007%2Fs11227-023-05312-1&partnerID=40&md5=bb177b47813a5b5d25886eb5c85608f0","Article","Final","","Scopus","2-s2.0-85153948925"
"Shi H.; Zhang X.; Wu P.; Chen J.; Zhang Y.","Shi, Haoyang (58666122400); Zhang, Xing (55827359800); Wu, Peixuan (58664914300); Chen, Jingkai (58665518700); Zhang, Yufei (60396116700)","58666122400; 55827359800; 58664914300; 58665518700; 60396116700","ComEdge: Cloud-Native Platform for Integrated Computing and Communication in Satellite–Terrestrial Network","2023","Electronics (Switzerland)","12","20","4252","","","3","10.3390/electronics12204252","https://www.scopus.com/inward/record.uri?eid=2-s2.0-85174890638&doi=10.3390%2Felectronics12204252&partnerID=40&md5=26c62d31f7183997f505adb588846593","Article","Final","All Open Access; Gold Open Access","Scopus","2-s2.0-85174890638"
"Goethals T.; De Turck F.; Volckaert B.","Goethals, Tom (57202304192); De Turck, Filip (6701710921); Volckaert, Bruno (6507089696)","57202304192; 6701710921; 6507089696","Near real-time optimization of fog service placement for responsive edge computing","2020","Journal of Cloud Computing","9","1","34","","","28","10.1186/s13677-020-00180-z","https://www.scopus.com/inward/record.uri?eid=2-s2.0-85086592480&doi=10.1186%2Fs13677-020-00180-z&partnerID=40&md5=2beedd77763c3ab62f837b261fe84342","Article","Final","All Open Access; Gold Open Access; Green Open Access","Scopus","2-s2.0-85086592480"
"Chen H.; Chen P.; Yu G.; Li X.; He Z.","Chen, Hongyang (57940581500); Chen, Pengfei (55490244700); Yu, Guangba (57211137948); Li, Xiaoyun (57214827013); He, Zilong (57219851639)","57940581500; 55490244700; 57211137948; 57214827013; 57219851639","MicroFI: Non-Intrusive and Prioritized Request-Level Fault Injection for Microservice Applications","2024","IEEE Transactions on Dependable and Secure Computing","21","5","","4921","4938","8","10.1109/TDSC.2024.3363902","https://www.scopus.com/inward/record.uri?eid=2-s2.0-85187269989&doi=10.1109%2FTDSC.2024.3363902&partnerID=40&md5=f950786bec43ae319954925ce65a7086","Article","Final","","Scopus","2-s2.0-85187269989"
"Yu G.; Chen P.; Zheng Z.","Yu, Guangba (57211137948); Chen, Pengfei (55490244700); Zheng, Zibin (25224189400)","57211137948; 55490244700; 25224189400","Microscaler: Cost-Effective Scaling for Microservice Applications in the Cloud With an Online Learning Approach","2022","IEEE Transactions on Cloud Computing","10","2","","1100","1116","67","10.1109/TCC.2020.2985352","https://www.scopus.com/inward/record.uri?eid=2-s2.0-85132333533&doi=10.1109%2FTCC.2020.2985352&partnerID=40&md5=7f50cbf6d3387ea172e33041a67b93cd","Article","Final","","Scopus","2-s2.0-85132333533"
"Detti A.; Funari L.","Detti, Andrea (6602789368); Funari, Ludovico (57217679452)","6602789368; 57217679452","Critical Limitations of the Least Outstanding Request Load Balancing Policy in Service Meshes for Large-Scale Microservice Applications","2025","IEEE Transactions on Network and Service Management","22","6","","5452","5463","1","10.1109/TNSM.2025.3593870","https://www.scopus.com/inward/record.uri?eid=2-s2.0-105012142082&doi=10.1109%2FTNSM.2025.3593870&partnerID=40&md5=481a2ee663a3ad8f800357b0f5549eac","Article","Final","","Scopus","2-s2.0-105012142082"
"Martínez L.O.; Gutierrez R.; Cernuzzi L.","Martínez, Lucas O. (58810716900); Gutierrez, Raúl (58810486900); Cernuzzi, Luca (7801512554)","58810716900; 58810486900; 7801512554","On the Measurement of io_uring Performance: a Strategy and Experience in the Envoy Service Mesh","2024","CLEI Eletronic Journal (CLEIej)","27","2","","","","2","10.19153/cleiej.27.2.3","https://www.scopus.com/inward/record.uri?eid=2-s2.0-85200586714&doi=10.19153%2Fcleiej.27.2.3&partnerID=40&md5=e18a919f212c939f60948d232ee38d64","Article","Final","All Open Access; Gold Open Access; Green Open Access","Scopus","2-s2.0-85200586714"
"Samani F.S.; Stadler R.","Samani, Forough Shahab (57205649847); Stadler, Rolf (56235534700)","57205649847; 56235534700","A Framework for Dynamically Meeting Performance Objectives on a Service Mesh","2024","IEEE Transactions on Network and Service Management","21","6","","5992","6007","1","10.1109/TNSM.2024.3434328","https://www.scopus.com/inward/record.uri?eid=2-s2.0-85199569083&doi=10.1109%2FTNSM.2024.3434328&partnerID=40&md5=74223f62ca4d6d6e68a5f59ce880b106","Article","Final","All Open Access; Hybrid Gold Open Access","Scopus","2-s2.0-85199569083"
"Chen Y.; Fernandes E.; Adams B.; Hassan A.E.","Chen, Yihao (58554150600); Fernandes, Eduardo (37123675100); Adams, Bram (15134994200); Hassan, Ahmed E. (7402686972)","58554150600; 37123675100; 15134994200; 7402686972","On practitioners’ concerns when adopting service mesh frameworks","2023","Empirical Software Engineering","28","5","113","","","9","10.1007/s10664-023-10348-1","https://www.scopus.com/inward/record.uri?eid=2-s2.0-85169043083&doi=10.1007%2Fs10664-023-10348-1&partnerID=40&md5=9235cc2c7ae1ad4ae7c31bcd94025624","Article","Final","","Scopus","2-s2.0-85169043083"
"Pallewatta S.; Kostakos V.; Buyya R.","Pallewatta, Samodha (57202956438); Kostakos, Vassilis (6508135447); Buyya, Rajkumar (57194845546)","57202956438; 6508135447; 57194845546","Placement of Microservices-based IoT Applications in Fog Computing: A Taxonomy and Future Directions","2023","ACM Computing Surveys","55","14 S","321","","","89","10.1145/3592598","https://www.scopus.com/inward/record.uri?eid=2-s2.0-85166627654&doi=10.1145%2F3592598&partnerID=40&md5=0d3172a26ae0ff429e43513ac003951e","Article","Final","","Scopus","2-s2.0-85166627654"
"Hu Y.; Hu J.; Yang Y.; Hu M.; Peng K.; Zheng T.; Cai C.; Xiong Z.","Hu, Yi (57669983700); Hu, Junhui (60047243300); Yang, Yifei (60393246000); Hu, Menglan (59930795500); Peng, Kai (49962095200); Zheng, Tianyue (57218604742); Cai, Chao (7202874054); Xiong, Zehui (57201881045)","57669983700; 60047243300; 60393246000; 59930795500; 49962095200; 57218604742; 7202874054; 57201881045","Energy-aware Service Mesh Deployment and Online Request Routing in Edge: a Hierarchical Deep Reinforcement Learning Approach","2026","IEEE Transactions on Mobile Computing","","","","","","0","10.1109/TMC.2026.3674203","https://www.scopus.com/inward/record.uri?eid=2-s2.0-105033469912&doi=10.1109%2FTMC.2026.3674203&partnerID=40&md5=b4f1c00faf7de843ca6ca84d5f8afba8","Article","Article in press","","Scopus","2-s2.0-105033469912"
"Nsouli A.; El-Hajj W.; Mourad A.","Nsouli, Ahmad (57497483200); El-Hajj, Wassim (21833644200); Mourad, Azzam (9275987400)","57497483200; 21833644200; 9275987400","Reinforcement learning based scheme for on-demand vehicular fog formation","2023","Vehicular Communications","40","","100571","","","6","10.1016/j.vehcom.2023.100571","https://www.scopus.com/inward/record.uri?eid=2-s2.0-85147701668&doi=10.1016%2Fj.vehcom.2023.100571&partnerID=40&md5=0b13ba04146cae508646617065d0a706","Article","Final","","Scopus","2-s2.0-85147701668"
"Singh S.; Muntean C.H.; Gupta S.","Singh, Shubham (59394660400); Muntean, Cristina Hava (6602582964); Gupta, Shaguna (58537715300)","59394660400; 6602582964; 58537715300","Resilient microservices: an investigation into Istio effectiveness in Kubernetes","2026","Cluster Computing","29","1","27","","","1","10.1007/s10586-025-05750-x","https://www.scopus.com/inward/record.uri?eid=2-s2.0-105021471097&doi=10.1007%2Fs10586-025-05750-x&partnerID=40&md5=ceff1828d92bb7d7c06d3d28380c7afd","Article","Final","","Scopus","2-s2.0-105021471097"
"Choi W.; Ahn J.; Yoo Y.; Niu Z.; Yang G.; Yoo C.","Choi, Wonmi (59316406000); Ahn, Juyoung (59316545700); Yoo, Yeonho (57221232573); Niu, Zhixiong (57191093847); Yang, Gyeongsik (57190761123); Yoo, Chuck (7201746401)","59316406000; 59316545700; 57221232573; 57191093847; 57190761123; 7201746401","Unveiling Kubernetes CNI: An In-Depth Analysis of Networking Performance and Resource Efficiency","2025","Journal of Korean Institute of Communications and Information Sciences","50","7","","1085","1099","0","10.7840/kics.2025.50.7.1085","https://www.scopus.com/inward/record.uri?eid=2-s2.0-105013605116&doi=10.7840%2Fkics.2025.50.7.1085&partnerID=40&md5=e8a3cdd05f68e3c28e791321158f93f0","Article","Final","","Scopus","2-s2.0-105013605116"
"Kravchuk A.; Onai M.","Kravchuk, Arkadii (59401095800); Onai, Mykola (57204924611)","59401095800; 57204924611","DEVELOPING INFORMATION TECHNOLOGY FOR EVALUATING AND ENHANCING APPLICATION-LAYER DDOS ATTACK DETECTION METHODS","2024","Radioelectronic and Computer Systems","2024","3(111)","","132","155","0","10.32620/REKS.2024.3.09","https://www.scopus.com/inward/record.uri?eid=2-s2.0-85208481865&doi=10.32620%2FREKS.2024.3.09&partnerID=40&md5=c78bf33ee45d326898db501b09c62568","Article","Final","All Open Access; Gold Open Access; Green Open Access","Scopus","2-s2.0-85208481865"
"Sanchez-Gallegos D.D.; Gonzalez-Compean J.L.; Carretero J.; Marin-Castro H.M.; Tchernykh A.; Montella R.","Sanchez-Gallegos, Dante D. (57204689763); Gonzalez-Compean, J.L. (57213190221); Carretero, Jesus (7101919482); Marin-Castro, Heidy M. (23473691900); Tchernykh, Andrei (57217740092); Montella, Raffaele (9235980600)","57204689763; 57213190221; 7101919482; 23473691900; 57217740092; 9235980600","PuzzleMesh: A Puzzle Model to Build Mesh of Agnostic Services for Edge-Fog-Cloud","2023","IEEE Transactions on Services Computing","16","2","","1334","1345","8","10.1109/TSC.2022.3175057","https://www.scopus.com/inward/record.uri?eid=2-s2.0-85132508182&doi=10.1109%2FTSC.2022.3175057&partnerID=40&md5=3087cca631beb49a8705468864833a04","Article","Final","","Scopus","2-s2.0-85132508182"
"Larsson L.; Tärneberg W.; Klein C.; Elmroth E.; Kihl M.","Larsson, Lars (35226477000); Tärneberg, William (56703495200); Klein, Cristian (57193956111); Elmroth, Erik (6603647425); Kihl, Maria (6701782286)","35226477000; 56703495200; 57193956111; 6603647425; 6701782286","Impact of etcd deployment on Kubernetes, Istio, and application performance","2020","Software - Practice and Experience","50","10","","1986","2007","40","10.1002/spe.2885","https://www.scopus.com/inward/record.uri?eid=2-s2.0-85089109897&doi=10.1002%2Fspe.2885&partnerID=40&md5=9fda589695e6528ec92093390cdf0f0d","Article","Final","All Open Access; Green Open Access; Hybrid Gold Open Access","Scopus","2-s2.0-85089109897"
"Yilma G.M.; Yousaf Z.F.; Sciancalepore V.; Costa-Perez X.","Yilma, Girma M. (57211814370); Yousaf, Zarrar F. (24438683700); Sciancalepore, Vincenzo (55822580000); Costa-Perez, Xavier (11939775200)","57211814370; 24438683700; 55822580000; 11939775200","Benchmarking open source NFV MANO systems: OSM and ONAP","2020","Computer Communications","161","","","86","98","57","10.1016/j.comcom.2020.07.013","https://www.scopus.com/inward/record.uri?eid=2-s2.0-85088369614&doi=10.1016%2Fj.comcom.2020.07.013&partnerID=40&md5=ebe7a413f18b520f0fe9b08011051795","Article","Final","","Scopus","2-s2.0-85088369614"
"Detti A.; Favale A.","Detti, Andrea (6602789368); Favale, Alessandro (59565088700)","6602789368; 59565088700","Cost-Effective Cloud-Edge Elasticity for Microservice Applications","2026","IEEE Transactions on Network and Service Management","23","","","239","251","0","10.1109/TNSM.2025.3627155","https://www.scopus.com/inward/record.uri?eid=2-s2.0-105020703720&doi=10.1109%2FTNSM.2025.3627155&partnerID=40&md5=b9ebe929c40e48ebc1b6613bdef56e00","Article","Final","","Scopus","2-s2.0-105020703720"
"Dakić V.; Redžepagić J.; Bašić M.; Žgrablić L.","Dakić, Vedran (57213589010); Redžepagić, Jasmin (56941879400); Bašić, Matej (58130717700); Žgrablić, Luka (58130541200)","57213589010; 56941879400; 58130717700; 58130541200","Performance and Latency Efficiency Evaluation of Kubernetes Container Network Interfaces for Built-In and Custom Tuned Profiles","2024","Electronics (Switzerland)","13","19","3972","","","10","10.3390/electronics13193972","https://www.scopus.com/inward/record.uri?eid=2-s2.0-85206316510&doi=10.3390%2Felectronics13193972&partnerID=40&md5=1a3daa5c73cc95a97dc4f1ece45f42ae","Article","Final","All Open Access; Gold Open Access","Scopus","2-s2.0-85206316510"
"Wang S.; Guo Y.; Liu X.; Zhou A.","Wang, Shangguang (36185971000); Guo, Yan (57193349885); Liu, Xiao (52365658400); Zhou, Ao (55414096000)","36185971000; 57193349885; 52365658400; 55414096000","Service Routing in Multi-Tier Edge Computing: A Matching Game Approach","2023","IEEE Journal on Selected Areas in Communications","41","3","","835","844","11","10.1109/JSAC.2022.3229378","https://www.scopus.com/inward/record.uri?eid=2-s2.0-85146253598&doi=10.1109%2FJSAC.2022.3229378&partnerID=40&md5=f54dbe923e13e0e6c27b0b8bce9973a3","Article","Final","","Scopus","2-s2.0-85146253598"
"Lovas R.; Rigo E.; Unyi D.; Gyires-Toth B.","Lovas, Robert (22433533300); Rigo, Erno (57343975400); Unyi, Daniel (57239188500); Gyires-Toth, Balint (57202306607)","22433533300; 57343975400; 57239188500; 57202306607","Experiences with Deep Learning Enhanced Steering Mechanisms for Debugging of Fundamental Cloud Services","2023","IEEE Access","11","","","26403","26418","4","10.1109/ACCESS.2023.3243201","https://www.scopus.com/inward/record.uri?eid=2-s2.0-85148471808&doi=10.1109%2FACCESS.2023.3243201&partnerID=40&md5=1a4ecbcc26358876f2e35433fd7fb1a6","Article","Final","All Open Access; Gold Open Access; Green Open Access","Scopus","2-s2.0-85148471808"
"Grewal K.; Godfrey B.; Hsu J.","Grewal, Karuna (57609595500); Godfrey, Brighten (55663257800); Hsu, Justin (55785613000)","57609595500; 55663257800; 55785613000","SafeTree: Expressive Tree Policies for Microservices","2025","Proceedings of the ACM on Programming Languages","9","OOPSLA2","","2144","2170","0","10.1145/3763127","https://www.scopus.com/inward/record.uri?eid=2-s2.0-105018670173&doi=10.1145%2F3763127&partnerID=40&md5=4e3cd845085cefef00c6cec4214de5d3","Article","Final","All Open Access; Gold Open Access","Scopus","2-s2.0-105018670173"
"Mohammadi A.; Nikaein N.","Mohammadi, Alireza (58735627000); Nikaein, Navid (12139968700)","58735627000; 12139968700","Athena: An Intelligent Multi-x Cloud Native Network Operator","2024","IEEE Journal on Selected Areas in Communications","42","2","","460","472","12","10.1109/JSAC.2023.3336172","https://www.scopus.com/inward/record.uri?eid=2-s2.0-85179065647&doi=10.1109%2FJSAC.2023.3336172&partnerID=40&md5=f576435f20f96460abca47ff0d2489da","Article","Final","All Open Access; Hybrid Gold Open Access","Scopus","2-s2.0-85179065647"
"Pedroso D.F.; Almeida L.; Pulcinelli L.E.G.; Aisawa W.A.A.; Dutra I.; Bruschi S.M.","Pedroso, Diego Frazatto (57217014548); Almeida, Luis (35727555700); Pulcinelli, Lucas Eduardo Gulka (58743081300); Aisawa, William Akihiro Alves (59763244800); Dutra, Ines (55950018900); Bruschi, Sarita Mazzini (8947191600)","57217014548; 35727555700; 58743081300; 59763244800; 55950018900; 8947191600","Anomaly Detection and Root Cause Analysis in Cloud-Native Environments Using Large Language Models and Bayesian Networks","2025","IEEE Access","13","","","77550","77564","8","10.1109/ACCESS.2025.3565220","https://www.scopus.com/inward/record.uri?eid=2-s2.0-105004049947&doi=10.1109%2FACCESS.2025.3565220&partnerID=40&md5=899f5721e97e2d45b843e697f851e9a2","Article","Final","All Open Access; Gold Open Access; Green Open Access","Scopus","2-s2.0-105004049947"
"Dumitru-Guzu O.-M.; Călin V.; Kooij R.","Dumitru-Guzu, Oana-Mihaela (58093926500); Călin, Vlădeanu (24450913200); Kooij, Robert (6701735618)","58093926500; 24450913200; 6701735618","A Novel Framework for Cross-Cluster Scaling in Cloud-Native 5G NextGen Core","2024","Future Internet","16","9","325","","","2","10.3390/fi16090325","https://www.scopus.com/inward/record.uri?eid=2-s2.0-85205218572&doi=10.3390%2Ffi16090325&partnerID=40&md5=926a133cf24be6fd2fac915780a70600","Article","Final","All Open Access; Gold Open Access; Green Open Access","Scopus","2-s2.0-85205218572"
"Huang H.-Y.; Fanjiang Y.-Y.; Hung C.-H.; Tsai H.-Y.; Lin B.-H.","Huang, Hsin-Yu (57202580689); Fanjiang, Yong-Yi (7801687483); Hung, Chi-Huang (24779422000); Tsai, Hsing-Yu (58309549700); Lin, Bing-Hong (58309349600)","57202580689; 7801687483; 24779422000; 58309549700; 58309349600","Evaluation of a Smart Intercom Microservice System Based on the Cloud of Things","2023","Electronics (Switzerland)","12","11","2406","","","1","10.3390/electronics12112406","https://www.scopus.com/inward/record.uri?eid=2-s2.0-85161495522&doi=10.3390%2Felectronics12112406&partnerID=40&md5=189800b28d15141e4d6cac8ccba604a8","Article","Final","All Open Access; Gold Open Access; Green Open Access","Scopus","2-s2.0-85161495522"
"Bhattacharya R.; Gao Y.; Wood T.","Bhattacharya, Ratnadeep (57215330833); Gao, Yuan (59426925400); Wood, Timothy (36026983100)","57215330833; 59426925400; 36026983100","Dynamically Balancing Load with Overload Control for Microservices","2024","ACM Transactions on Autonomous and Adaptive Systems","19","4","","","","3","10.1145/3676167","https://www.scopus.com/inward/record.uri?eid=2-s2.0-85210324344&doi=10.1145%2F3676167&partnerID=40&md5=a44c29ed4b345effe2d03084f963b064","Article","Final","","Scopus","2-s2.0-85210324344"
